feature,n_accepted,n_rejected,mannwhitneyu_U,mannwhitneyu_p,cliffs_delta,accepted_mean,rejected_mean,accepted_median,rejected_median,n_tests,mannwhitneyu_p_bonferroni,significant_raw_0.05,significant_bonferroni_0.05,cliffs_delta_magnitude,cliffs_delta_sig
AnswerCount,2431586,443998,444666066066.0,0.0,-0.17625396750964195,1.4454286214840848,2.4758039450628155,1.0,1.0,48,0.0,True,True,small,-0.176 (S)
BodyEditLength,2431586,443998,454137394675.0,0.0,-0.1587082855710562,80.42163427491357,163.32872670597615,21.0,33.0,48,0.0,True,True,small,-0.159 (S)
CodeChangePercentage,2431586,443998,497460750058.5,0.0,-0.07845156072794446,30.228015463838524,35.134686037092635,0.0,10.666666666666668,48,0.0,True,True,negligible,-0.078 (N)
CodelineBefore,2431586,443998,519787191836.5,0.0,-0.037091719629737674,16.783648203271444,15.7071248068685,6.0,7.0,48,0.0,True,True,negligible,-0.037 (N)
CodelineChanges,2431586,443998,494993810060.0,0.0,-0.08302157897587281,5.259377213061763,5.781974243127221,0.0,2.0,48,0.0,True,True,negligible,-0.083 (N)
CommentCount,2431586,443998,532902346634.0,0.0,-0.012795832098859705,0.03950220144383131,0.07663322807760395,0.0,0.0,48,0.0,True,True,negligible,-0.013 (N)
DelayHours,2431586,443998,490830858118.0,0.0,-0.09073346753082623,4939.172318881984,8066.372914240695,0.36772041666666666,1.3171519444444444,48,0.0,True,True,negligible,-0.091 (N)
EditorId,2431586,443998,495737246725.0,0.0,-0.08164435896756506,4463021.0767289335,4927676.251138519,3364266.0,3917907.0,48,0.0,True,True,negligible,-0.082 (N)
NumLinksChanged,2431586,443998,518554445374.0,0.0,-0.03937538839838206,0.04850003248908326,0.107342825868585,0.0,0.0,48,0.0,True,True,negligible,-0.039 (N)
NumTags,2431586,443998,556481829623.5,0.0,0.03088527388841733,0.22810585354579274,0.12791273834566821,0.0,0.0,48,0.0,True,True,negligible,0.031 (N)
PostAcceptedEditsBefore,2431586,443998,530937401136.0,0.0,-0.016435903112951955,0.05841660545833049,0.08154090784192722,0.0,0.0,48,0.0,True,True,negligible,-0.016 (N)
PostId,2431586,443998,565268421097.0,0.0,0.04716247698026521,36007790.009750836,34343247.308368504,35628013.0,34160693.5,48,0.0,True,True,negligible,0.047 (N)
PostLengthChars,2431586,443998,560913046028.5,0.0,0.0390941236552067,1329.0352050061153,1230.410567164717,805.0,760.0,48,0.0,True,True,negligible,0.039 (N)
PostLengthTokens,2431586,443998,567049304169.0,0.0,0.05046157146226116,138.12821343764935,131.8249856981338,100.0,93.0,48,0.0,True,True,negligible,0.050 (N)
PostNumEditsBefore,2431586,443998,516809231760.0,0.0,-0.042608405037360964,0.07730263293175729,0.14806373001680187,0.0,0.0,48,0.0,True,True,negligible,-0.043 (N)
PostRejectedEditsBefore,2431586,443998,521445856020.5,0.0,-0.034019036227354915,0.018886027473426808,0.06652282217487467,0.0,0.0,48,0.0,True,True,negligible,-0.034 (N)
Reputation,2431586,443998,691736411538.5,0.0,0.281445039364397,717.8382635859888,493.54329073554385,611.0,308.0,48,0.0,True,True,small,0.281 (S)
Score,1216841,287415,140512767692.5,0.0,-0.19646921605319423,10.305207500404736,43.621519405737345,1.0,2.0,48,0.0,True,True,small,-0.196 (S)
SuggestedId,2431586,443998,512716325476.0,0.0,-0.05019053367296378,2781354.2155259983,2923198.8041680367,2744367.5,2936981.5,48,0.0,True,True,negligible,-0.050 (N)
TagEditLength,2431586,443998,555927028677.0,0.0,0.029857502458624063,0.7796105093547997,0.4434884841823612,0.0,0.0,48,0.0,True,True,negligible,0.030 (N)
TagPopularityMax,2431586,443998,644458167660.0,0.0,0.19386186450561338,436411.7576384302,341480.32755778177,173165.5,0.0,48,0.0,True,True,small,0.194 (S)
TagPopularityMean,2431586,443998,641619031763.5,0.0,0.18860235156113836,216488.21410104362,177497.1674820232,83233.66666666667,0.0,48,0.0,True,True,small,0.189 (S)
TagPopularitySum,2431586,443998,644712344156.5,0.0,0.1943327276915463,562899.5615762717,440418.56374127814,214187.0,0.0,48,0.0,True,True,small,0.194 (S)
TextChangeRatio,2431586,443998,505192784868.5,0.0,-0.06412792894249253,0.11603719371219018,0.15115388839462737,0.05600000000000005,0.06550218340611358,48,0.0,True,True,negligible,-0.064 (N)
TitleEditLength,2431586,443998,562776488023.0,0.0,0.0425461589394045,0.9185428769535604,0.5221104599570269,0.0,0.0,48,0.0,True,True,negligible,0.043 (N)
TotalEditLength,2431586,443998,459912191171.5,0.0,-0.1480104472032302,82.11978766122193,164.29432565011555,23.0,35.0,48,0.0,True,True,small,-0.148 (S)
TotalVotes,1216841,287415,140395678354.0,0.0,-0.19713879853670646,11.348737427486418,44.950844597533184,2.0,2.0,48,0.0,True,True,small,-0.197 (S)
UserAcceptanceRate,2431586,443998,746565504367.5,0.0,0.38301619832985434,0.7235040245111096,0.5012686857318449,0.8333333333333334,0.6666666666666666,48,0.0,True,True,medium,0.383 (M)
UserAcceptedEditsBefore,2431586,443998,709276902368.5,0.0,0.3139388832436405,51.97746738137167,28.970522389740495,19.0,4.0,48,0.0,True,True,small,0.314 (S)
UserEdits24h,2431586,443998,633823594966.5,0.0,0.174161267288913,3.5538381122444362,2.192663030013649,1.0,0.0,48,0.0,True,True,small,0.174 (S)
UserRejectedEditsBefore,2431586,443998,611127687188.5,0.0,0.13211698864337396,5.902155630111376,4.863704341010545,2.0,1.0,48,0.0,True,True,negligible,0.132 (N)
UserTotalEditsBefore,2431586,443998,700432937467.0,0.0,0.29755539559964905,57.87962301148304,33.83422673075104,22.0,5.0,48,0.0,True,True,small,0.298 (S)
post_type_id,2431586,443998,414522616864.0,0.0,-0.2320948525706501,1.2680402831732047,1.5001351357438546,1.0,2.0,48,0.0,True,True,small,-0.232 (S)
total_votes,1216841,287415,140395678353.0,0.0,-0.197138798542425,11.348737427486418,44.950848076822716,2.0,2.0,48,0.0,True,True,small,-0.197 (S)
upvotes,1216841,287415,139642815090.5,0.0,-0.20144409276910524,10.826972463945577,44.28618200163527,1.0,2.0,48,0.0,True,True,small,-0.201 (S)
DaleChall,2431586,443998,523313567969.0,9.728380201091218e-231,-0.030559090832773417,11.738077830837124,11.865663832444119,11.50433859649123,11.616409313348893,48,4.669622496523785e-229,True,True,negligible,-0.031 (N)
NumLinks,2431586,443998,530065655486.0,1.582961546931083e-122,-0.018050816134944636,0.5761552336623093,0.6203609025265879,0.0,0.0,48,7.598215425269198e-121,True,True,negligible,-0.018 (N)
PreEdit_NumLinks,2431586,443998,533242062012.0,4.636984432095823e-58,-0.012166507722301767,0.5497683404987527,0.578689543646593,0.0,0.0,48,2.225752527405995e-56,True,True,negligible,-0.012 (N)
LIX,2431586,443998,531670952409.0,1.2569756355673691e-57,-0.015076995841012075,42.26209716435883,42.649961631155634,40.54842767295597,40.850314979830465,48,6.033483050723372e-56,True,True,negligible,-0.015 (N)
Fog,2431586,443998,532835795711.0,8.737558605051994e-43,-0.012919118004763863,12.218802761361507,12.349982489977165,11.474200973882251,11.57184750733138,48,4.1940281304249573e-41,True,True,negligible,-0.013 (N)
ColemanLiau,2431586,443998,533186976353.0,9.360884044193553e-39,-0.012268554171336654,18.230922819561695,18.942591770571056,14.79285714285714,14.995886644813366,48,4.493224341212906e-37,True,True,negligible,-0.012 (N)
UserRejectionRate,2431586,443998,533355637762.0,3.2902856418475804e-38,-0.011956108097528673,0.09857138276329006,0.12586033564283838,0.07317073170731707,0.075,48,1.5793371080868385e-36,True,True,negligible,-0.012 (N)
ARI,2431586,443998,533573011631.5,1.4578230631889768e-34,-0.011553421955651677,17.12424616190341,17.732014528288886,14.342,14.523878968253968,48,6.997550703307088e-33,True,True,negligible,-0.012 (N)
Flesch,2431586,443998,544106620301.5,2.963556451467484e-17,0.00796013892045666,35.94501231761053,34.516699635029745,47.1441734679794,46.60500000000002,48,1.4225070967043924e-15,True,True,negligible,0.008 (N)
Kincaid,2431586,443998,535565750203.5,7.200500240823485e-17,-0.007861864137898467,11.761073281406603,11.986429857904955,10.3104347826087,10.39642354540951,48,3.456240115595273e-15,True,True,negligible,-0.008 (N)
CodelineAfter,2431586,443998,543999111862.0,1.2315054573147913e-16,0.007760979017654046,19.358514977467383,17.45577457556115,8.0,8.0,48,5.9112261951109986e-15,True,True,negligible,0.008 (N)
SMOG,2431586,443998,537935804052.5,0.0002284572807016394,-0.0034713279493050475,11.227294585166675,11.236040177065174,10.980518767755717,11.022393298168332,48,0.010965949473678691,True,True,negligible,-0.003 (N)
downvotes,1216841,287415,175480108808.0,0.0003005406163425836,0.003493644834733578,0.5217649635408406,0.6646625958979177,0.0,0.0,48,0.014425949584444013,True,True,negligible,0.003 (N)
