feature,importance
UserAcceptanceRate,0.12043626
PostRejectedEditsBefore,0.05116108
TagPopularitySum,0.042625614
TotalVotes,0.04023852
DelayHours,0.035054464
BodyEditLength,0.033342466
Score,0.03170431
UserTotalEditsBefore,0.031328894
UserAcceptedEditsBefore,0.031195937
NumLinksChanged,0.028881852
Reputation,0.028846584
CodelineBefore,0.028262867
TotalEditLength,0.027776795
UserRejectionRate,0.026765766
CodelineChanges,0.02641836
CodelineAfter,0.02489831
TextChangeRatio,0.024583748
PostAcceptedEditsBefore,0.022811424
PostLengthChars,0.022349166
TitleEditLength,0.021407254
UserRejectedEditsBefore,0.021279551
PostNumEditsBefore,0.020978233
TagEditLength,0.02058652
NumLinks,0.020397572
ColemanLiau,0.020307416
Kincaid,0.020304497
ARI,0.02022575
LIX,0.02012251
UserEdits24h,0.019987496
Fog,0.019974325
DaleChall,0.019950436
SMOG,0.019882658
Flesch,0.01959383
NumTags,0.01936976
CommentCount,0.01694977
