rejection_reason,count,percent,description
Minor Format Only Change,248,36.00,"Edits that alter only visual presentation without affecting meaning or functionality (indentation, blank lines, tabs vs spaces)."
Minor Grammar Only Change,13,1.88,"Trivial spelling/grammar fixes that do not affect technical clarity."
Undesired Text Modification,102,14.78,"Non-code text changes that do not improve clarity/correctness and may alter author voice/intent."
Undesired Code Modification,37,5.36,"Code changes that do not fix bugs or improve readability."
Spam Link/Keywords,26,3.76,"Promotional URLs, brand names, or SEO keywords unrelated to the technical content."
Meaningless Words,37,5.36,"Nonsensical, garbled, or irrelevant text that reduces post quality."
Personal Promotion,11,1.59,"Self-promotional content unrelated to the post's technical substance."
Post Defacement,11,1.59,"Intentional corruption/vandalism of a post."
Rude or Abusive Words,5,0.72,"Offensive, profane, or insulting language."
Comment on Post,38,5.50,"Using the edit mechanism to leave a comment/answer instead of improving the post."
Status Update,7,1.01,"Adding version/deprecation/meta notes better suited to a comment or new answer."
Invalid Correction,13,1.88,"Attempted technical fixes that introduce incorrect or misleading information."
Incorrect Syntax,12,1.73,"Edits that introduce syntactic errors or invalid code constructs."
Alternate Suggestion,13,1.88,"Adding an entirely different solution rather than improving the existing post."
Removal of Essential Context,24,3.47,"Removes content essential to the post's intent or usefulness."
Question on Post,79,11.44,"Using the edit mechanism to ask a follow-up question."
Other,14,2.02,"Edits that do not clearly fall into any defined category."
