SuggestedId,y_true,Prob_Random_Forest_baseline,Decision,y_pred_0.5
5495868,Rejected,0.54,Rejected,1
5485096,Accepted,0.19,Accepted,0
5465192,Rejected,0.66,Rejected,1
5464255,Accepted,0.74,Rejected,1
5475904,Accepted,0.39,Accepted,0
5462834,Rejected,0.27,Accepted,0
5509132,Rejected,0.47,Accepted,0
5479418,Accepted,0.16,Accepted,0
5502771,Accepted,0.86,Rejected,1
5490383,Rejected,0.97,Rejected,1
5497800,Accepted,0.59,Rejected,1
5464997,Accepted,0.5,Rejected,1
5488152,Rejected,0.88,Rejected,1
5496502,Accepted,0.69,Rejected,1
5470776,Rejected,0.93,Rejected,1
5477007,Rejected,0.47,Accepted,0
5500718,Rejected,0.49,Accepted,0
5507677,Accepted,0.95,Rejected,1
5495296,Rejected,0.78,Rejected,1
5479024,Rejected,0.99,Rejected,1
5481034,Rejected,0.69,Rejected,1
5489656,Rejected,0.51,Rejected,1
5476687,Rejected,0.44,Accepted,0
5467186,Rejected,0.04,Accepted,0
5477722,Accepted,0.38,Accepted,0
5509247,Rejected,0.69,Rejected,1
5461833,Rejected,0.32,Accepted,0
5475596,Accepted,0.44,Accepted,0
5486167,Accepted,0.81,Rejected,1
5505670,Rejected,0.92,Rejected,1
5507061,Rejected,0.39,Accepted,0
5468113,Rejected,0.46,Accepted,0
5480691,Rejected,0.31,Accepted,0
5464131,Accepted,0.69,Rejected,1
5485607,Accepted,0.03,Accepted,0
5494755,Rejected,0.26,Accepted,0
5469197,Rejected,0.36,Accepted,0
5478977,Accepted,0.48,Accepted,0
5482684,Accepted,0.4215,Accepted,0
5469555,Accepted,0.025,Accepted,0
5464214,Rejected,0.93,Rejected,1
5469407,Accepted,0.36,Accepted,0
5477308,Rejected,0.36,Accepted,0
5501511,Accepted,0.55,Rejected,1
5478790,Accepted,0.18,Accepted,0
5473608,Accepted,0.27,Accepted,0
5483173,Accepted,0.21,Accepted,0
5479030,Accepted,0.58,Rejected,1
5464207,Rejected,0.62,Rejected,1
5485901,Accepted,0.2,Accepted,0
5471907,Accepted,0.31,Accepted,0
5486556,Accepted,0.62,Rejected,1
5463338,Accepted,0.29,Accepted,0
5487263,Rejected,1.0,Rejected,1
5468238,Accepted,0.32,Accepted,0
5462428,Accepted,0.28,Accepted,0
5477357,Accepted,0.82,Rejected,1
5481725,Accepted,0.5,Rejected,1
5487522,Accepted,0.94,Rejected,1
5500107,Accepted,0.35,Accepted,0
5478280,Rejected,0.57,Rejected,1
5491026,Rejected,0.15,Accepted,0
5481099,Rejected,0.41,Accepted,0
5487508,Rejected,0.46,Accepted,0
5465681,Accepted,0.51,Rejected,1
5483408,Accepted,0.16,Accepted,0
5492464,Rejected,0.51,Rejected,1
5486356,Accepted,0.32,Accepted,0
5484192,Accepted,0.29,Accepted,0
5477862,Rejected,0.72,Rejected,1
5479488,Rejected,0.86,Rejected,1
5476429,Rejected,0.35,Accepted,0
5490625,Rejected,0.2,Accepted,0
5506878,Rejected,0.99,Rejected,1
5469112,Rejected,0.48,Accepted,0
5468585,Rejected,0.41,Accepted,0
5462339,Rejected,0.74,Rejected,1
5472852,Accepted,0.69,Rejected,1
5466424,Rejected,0.39,Accepted,0
5498544,Rejected,0.44,Accepted,0
5493683,Accepted,0.1,Accepted,0
5481046,Accepted,0.2,Accepted,0
5478171,Rejected,0.78,Rejected,1
5464220,Accepted,0.23,Accepted,0
5471545,Rejected,0.14,Accepted,0
5463194,Accepted,0.83,Rejected,1
5504574,Accepted,0.0,Accepted,0
5479489,Rejected,0.34,Accepted,0
5494954,Rejected,0.7,Rejected,1
5505542,Rejected,1.0,Rejected,1
5490988,Rejected,0.91,Rejected,1
5463510,Rejected,0.59,Rejected,1
5467568,Rejected,0.65,Rejected,1
5497382,Rejected,1.0,Rejected,1
5498102,Rejected,0.57,Rejected,1
5499130,Rejected,0.89,Rejected,1
5473212,Accepted,0.36,Accepted,0
5472972,Accepted,0.27,Accepted,0
5473440,Rejected,0.68,Rejected,1
5502646,Accepted,0.18,Accepted,0
5480824,Accepted,0.31,Accepted,0
5490036,Rejected,0.26,Accepted,0
5482256,Accepted,0.44,Accepted,0
5471439,Rejected,0.01,Accepted,0
5462994,Rejected,0.27,Accepted,0
5468810,Accepted,0.68,Rejected,1
5486143,Rejected,0.93,Rejected,1
5479579,Accepted,0.18,Accepted,0
5472422,Rejected,0.97,Rejected,1
5465312,Accepted,0.39,Accepted,0
5480196,Accepted,0.8,Rejected,1
5503040,Rejected,0.57,Rejected,1
5481189,Rejected,0.75,Rejected,1
5502027,Accepted,0.21,Accepted,0
5471930,Rejected,0.41,Accepted,0
5481512,Rejected,0.59,Rejected,1
5501949,Accepted,0.87,Rejected,1
5479033,Accepted,0.37,Accepted,0
5474859,Accepted,0.7,Rejected,1
5484327,Accepted,0.32,Accepted,0
5505912,Accepted,0.59,Rejected,1
5483048,Accepted,0.28,Accepted,0
5474883,Rejected,0.88,Rejected,1
5466069,Accepted,0.47,Accepted,0
5464151,Accepted,0.04,Accepted,0
5474133,Accepted,0.3,Accepted,0
5484603,Rejected,0.34,Accepted,0
5473992,Accepted,0.37,Accepted,0
5492707,Accepted,0.3968333333333333,Accepted,0
5467847,Rejected,0.75,Rejected,1
5464730,Accepted,0.27,Accepted,0
5480193,Accepted,0.35,Accepted,0
5508727,Rejected,0.88,Rejected,1
5477196,Rejected,0.53,Rejected,1
5462661,Accepted,0.29,Accepted,0
5482456,Accepted,0.36,Accepted,0
5480386,Accepted,0.03,Accepted,0
5493084,Accepted,0.55,Rejected,1
5482498,Accepted,0.2,Accepted,0
5478302,Rejected,0.1758333333333333,Accepted,0
5509422,Accepted,0.59,Rejected,1
5461632,Accepted,0.32,Accepted,0
5507988,Rejected,0.8,Rejected,1
5473180,Accepted,0.33,Accepted,0
5478828,Rejected,0.5,Rejected,1
5465755,Rejected,0.57,Rejected,1
5483337,Accepted,0.88,Rejected,1
5462530,Accepted,0.65,Rejected,1
5464666,Rejected,0.41,Accepted,0
5487705,Rejected,0.89,Rejected,1
5470991,Accepted,0.62,Rejected,1
5467974,Accepted,0.31,Accepted,0
5469215,Accepted,0.11,Accepted,0
5485194,Accepted,0.92,Rejected,1
5465429,Rejected,0.3212261904761904,Accepted,0
5499381,Rejected,0.73,Rejected,1
5507154,Accepted,0.24,Accepted,0
5496717,Accepted,0.13,Accepted,0
5468611,Rejected,0.54,Rejected,1
5465369,Accepted,0.57,Rejected,1
5501987,Accepted,0.71,Rejected,1
5499332,Rejected,0.59,Rejected,1
5486031,Rejected,0.97,Rejected,1
5472689,Accepted,0.61,Rejected,1
5465692,Rejected,0.52,Rejected,1
5468292,Rejected,0.77,Rejected,1
5486267,Accepted,0.34,Accepted,0
5469201,Accepted,0.22,Accepted,0
5467816,Rejected,0.3816666666666666,Accepted,0
5464281,Accepted,0.0,Accepted,0
5463439,Accepted,0.24,Accepted,0
5468216,Accepted,0.39,Accepted,0
5474702,Rejected,0.4,Accepted,0
5492633,Accepted,0.23,Accepted,0
5474700,Accepted,0.5,Rejected,1
5489869,Accepted,0.7,Rejected,1
5500523,Rejected,0.88,Rejected,1
5477686,Accepted,0.54,Rejected,1
5471748,Accepted,0.24,Accepted,0
5508914,Rejected,0.98,Rejected,1
5466164,Rejected,0.98,Rejected,1
5480093,Accepted,0.24,Accepted,0
5476551,Rejected,0.35,Accepted,0
5478265,Rejected,0.39,Accepted,0
5504024,Rejected,0.36,Accepted,0
5506039,Accepted,0.44,Accepted,0
5464820,Rejected,0.49,Accepted,0
5472476,Accepted,0.24,Accepted,0
5467115,Accepted,0.4,Accepted,0
5465925,Accepted,0.37,Accepted,0
5465436,Rejected,0.32,Accepted,0
5506901,Rejected,0.91,Rejected,1
5499363,Rejected,0.44,Accepted,0
5467264,Rejected,0.57,Rejected,1
5461582,Accepted,0.31,Accepted,0
5476164,Accepted,0.69,Rejected,1
5496664,Accepted,0.73,Rejected,1
5482851,Accepted,0.39,Accepted,0
5462394,Accepted,0.4,Accepted,0
5467603,Rejected,0.42,Accepted,0
5474137,Rejected,0.99,Rejected,1
5464083,Accepted,0.52,Rejected,1
5461478,Accepted,0.25,Accepted,0
5484385,Accepted,0.44,Accepted,0
5480618,Accepted,0.5499999999999999,Rejected,1
5473809,Accepted,0.171,Accepted,0
5473005,Accepted,0.53,Rejected,1
5466227,Accepted,0.97,Rejected,1
5509163,Rejected,0.41,Accepted,0
5471529,Rejected,0.5,Rejected,1
5500848,Rejected,0.99,Rejected,1
5471697,Accepted,0.83,Rejected,1
5462066,Rejected,0.7,Rejected,1
5492398,Rejected,0.69,Rejected,1
5507530,Rejected,0.47,Accepted,0
5488344,Rejected,0.74,Rejected,1
5506296,Rejected,0.43,Accepted,0
5468250,Accepted,0.61,Rejected,1
5475835,Rejected,0.96,Rejected,1
5470505,Accepted,0.2,Accepted,0
5464417,Rejected,0.93,Rejected,1
5464654,Rejected,0.38,Accepted,0
5480541,Accepted,0.7066666666666667,Rejected,1
5485641,Accepted,0.63,Rejected,1
5480597,Accepted,0.47,Accepted,0
5470723,Rejected,0.65,Rejected,1
5501110,Accepted,0.71,Rejected,1
5471382,Rejected,0.23,Accepted,0
5472529,Rejected,0.92,Rejected,1
5490393,Accepted,0.23,Accepted,0
5481044,Accepted,0.74,Rejected,1
5484332,Accepted,0.86,Rejected,1
5486129,Rejected,0.55,Rejected,1
5473369,Accepted,0.88,Rejected,1
5462493,Rejected,0.22,Accepted,0
5506092,Rejected,0.7,Rejected,1
5461500,Rejected,0.44,Accepted,0
5484154,Accepted,0.28,Accepted,0
5473450,Accepted,0.2,Accepted,0
5465528,Accepted,0.22,Accepted,0
5469654,Rejected,0.86,Rejected,1
5479675,Accepted,0.51,Rejected,1
5473784,Rejected,0.43,Accepted,0
5487573,Accepted,0.52,Rejected,1
5490619,Rejected,0.85,Rejected,1
5464018,Accepted,0.67,Rejected,1
5468298,Accepted,0.54,Rejected,1
5503657,Accepted,0.43,Accepted,0
5473295,Rejected,0.22,Accepted,0
5495546,Accepted,0.25,Accepted,0
5498364,Rejected,1.0,Rejected,1
5461396,Rejected,0.57,Rejected,1
5505986,Rejected,0.9,Rejected,1
5468328,Accepted,0.6,Rejected,1
5465357,Rejected,0.45,Accepted,0
5479183,Rejected,0.99,Rejected,1
5468463,Accepted,0.69,Rejected,1
5480932,Rejected,0.45,Accepted,0
5482936,Accepted,0.94,Rejected,1
5500348,Rejected,0.58,Rejected,1
5507868,Rejected,0.99,Rejected,1
5469133,Accepted,0.46,Accepted,0
5463124,Rejected,0.21,Accepted,0
5474789,Accepted,0.22,Accepted,0
5478451,Accepted,0.45,Accepted,0
5466963,Accepted,0.55,Rejected,1
5488103,Rejected,0.28,Accepted,0
5468015,Accepted,0.28,Accepted,0
5502854,Rejected,0.53,Rejected,1
5484987,Accepted,0.34,Accepted,0
5506128,Accepted,0.52,Rejected,1
5491953,Accepted,0.02,Accepted,0
5475012,Accepted,0.87,Rejected,1
5463145,Rejected,0.27,Accepted,0
5486692,Rejected,0.99,Rejected,1
5471005,Rejected,0.36,Accepted,0
5501844,Rejected,0.98,Rejected,1
5489472,Rejected,0.41,Accepted,0
5477330,Rejected,0.31,Accepted,0
5485326,Accepted,0.35,Accepted,0
5479949,Rejected,0.15,Accepted,0
5490418,Accepted,0.0,Accepted,0
5461739,Rejected,0.4,Accepted,0
5467108,Accepted,0.38,Accepted,0
5474682,Accepted,0.24,Accepted,0
5473415,Rejected,0.94,Rejected,1
5486584,Rejected,0.39,Accepted,0
5471127,Rejected,0.73,Rejected,1
5482955,Rejected,0.28,Accepted,0
5505450,Rejected,0.51,Rejected,1
5469292,Rejected,0.87,Rejected,1
5473157,Rejected,0.59,Rejected,1
5473783,Rejected,0.74,Rejected,1
5477432,Rejected,0.71,Rejected,1
5495843,Accepted,0.22,Accepted,0
5476630,Accepted,0.46,Accepted,0
5472471,Rejected,0.54,Rejected,1
5472055,Rejected,0.72,Rejected,1
5493650,Rejected,0.66,Rejected,1
5465390,Rejected,0.32,Accepted,0
5468073,Rejected,0.78,Rejected,1
5482195,Accepted,0.4,Accepted,0
5481138,Rejected,0.41,Accepted,0
5487110,Accepted,0.99,Rejected,1
5482950,Accepted,0.36,Accepted,0
5471190,Accepted,0.65,Rejected,1
5508965,Rejected,0.88,Rejected,1
5471186,Accepted,0.27,Accepted,0
5469002,Accepted,0.42,Accepted,0
5507133,Accepted,0.45,Accepted,0
5470480,Rejected,0.11,Accepted,0
5469210,Accepted,0.25,Accepted,0
5503355,Rejected,0.97,Rejected,1
5502153,Rejected,0.67,Rejected,1
5471849,Accepted,0.82,Rejected,1
5467105,Rejected,0.31,Accepted,0
5493588,Rejected,0.51,Rejected,1
5481916,Accepted,0.46,Accepted,0
5482983,Rejected,1.0,Rejected,1
5465607,Rejected,0.64,Rejected,1
5485065,Accepted,0.56,Rejected,1
5492207,Rejected,0.21,Accepted,0
5502836,Accepted,0.82,Rejected,1
5479163,Rejected,0.37,Accepted,0
5481315,Accepted,0.48,Accepted,0
5505301,Rejected,0.93,Rejected,1
5468652,Accepted,0.4,Accepted,0
5476662,Accepted,0.64,Rejected,1
5475701,Accepted,0.62,Rejected,1
5490635,Rejected,0.18,Accepted,0
5463574,Accepted,0.48,Accepted,0
5481664,Accepted,0.14,Accepted,0
5484292,Accepted,0.29,Accepted,0
5469594,Accepted,0.96,Rejected,1
5482960,Accepted,0.74,Rejected,1
5476121,Accepted,0.99,Rejected,1
5485827,Rejected,0.15,Accepted,0
5465678,Rejected,0.6052632734912147,Rejected,1
5484860,Accepted,0.59,Rejected,1
5466008,Accepted,0.04,Accepted,0
5463204,Accepted,0.34,Accepted,0
5471606,Accepted,0.79,Rejected,1
5478740,Rejected,0.17,Accepted,0
5467790,Rejected,0.39,Accepted,0
5469368,Accepted,0.15,Accepted,0
5465772,Accepted,0.81,Rejected,1
5465462,Rejected,0.33,Accepted,0
5467872,Rejected,0.48,Accepted,0
5477051,Accepted,0.295,Accepted,0
5485244,Rejected,0.61,Rejected,1
5496515,Rejected,0.4,Accepted,0
5490617,Rejected,0.91,Rejected,1
5468089,Accepted,0.13,Accepted,0
5502584,Rejected,0.96,Rejected,1
5470847,Rejected,0.89,Rejected,1
5471404,Accepted,0.7483333333333333,Rejected,1
5483425,Accepted,0.7,Rejected,1
5479053,Rejected,0.16,Accepted,0
5477888,Accepted,0.95,Rejected,1
5486112,Accepted,0.27,Accepted,0
5462976,Accepted,0.91,Rejected,1
5479759,Rejected,0.26,Accepted,0
5485108,Accepted,0.71,Rejected,1
5483064,Accepted,1.0,Rejected,1
5491589,Accepted,0.86,Rejected,1
5473189,Accepted,0.2,Accepted,0
5493581,Rejected,0.46,Accepted,0
5481108,Rejected,0.59,Rejected,1
5471172,Accepted,0.07,Accepted,0
5462695,Rejected,0.98,Rejected,1
5483415,Accepted,0.46,Accepted,0
5504561,Rejected,0.72,Rejected,1
5475676,Accepted,0.14,Accepted,0
5469796,Rejected,0.77,Rejected,1
5479278,Rejected,0.44,Accepted,0
5483762,Accepted,0.3,Accepted,0
5474546,Rejected,1.0,Rejected,1
5462909,Accepted,0.86,Rejected,1
5480871,Accepted,0.7,Rejected,1
5479253,Accepted,0.99,Rejected,1
5509472,Accepted,0.25,Accepted,0
5475245,Rejected,0.63,Rejected,1
5471705,Accepted,0.92,Rejected,1
5473490,Rejected,0.13,Accepted,0
5466698,Rejected,0.3365277777777776,Accepted,0
5464563,Accepted,0.5558333333333334,Rejected,1
5492110,Rejected,0.39,Accepted,0
5467017,Accepted,0.45,Accepted,0
5485445,Accepted,0.0,Accepted,0
5503568,Accepted,0.53,Rejected,1
5504454,Rejected,0.38,Accepted,0
5471219,Rejected,0.53,Rejected,1
5481061,Rejected,0.42,Accepted,0
5461207,Accepted,0.48,Accepted,0
5484689,Rejected,0.95,Rejected,1
5465687,Rejected,0.42,Accepted,0
5480416,Rejected,0.41,Accepted,0
5464806,Rejected,0.99,Rejected,1
5494124,Accepted,0.87,Rejected,1
5492512,Accepted,0.74,Rejected,1
5467511,Accepted,0.7,Rejected,1
5492108,Rejected,0.86,Rejected,1
5476901,Rejected,0.18,Accepted,0
5498704,Rejected,0.49,Accepted,0
5463263,Rejected,0.97,Rejected,1
5506522,Rejected,0.71,Rejected,1
5473917,Rejected,0.45,Accepted,0
5469426,Rejected,0.8084822685481224,Rejected,1
5470035,Rejected,0.78,Rejected,1
5501157,Accepted,0.24,Accepted,0
5483033,Accepted,0.31,Accepted,0
5468242,Accepted,0.38,Accepted,0
5479322,Accepted,0.26,Accepted,0
5466397,Rejected,0.36,Accepted,0
5474780,Accepted,0.27,Accepted,0
5500743,Rejected,0.65,Rejected,1
5477115,Rejected,0.5,Rejected,1
5487745,Accepted,0.23,Accepted,0
5491232,Accepted,0.51,Rejected,1
5479835,Rejected,0.17,Accepted,0
5463597,Accepted,0.61,Rejected,1
5507928,Rejected,0.73,Rejected,1
5496980,Rejected,0.38,Accepted,0
5494638,Accepted,0.56,Rejected,1
5474352,Rejected,0.99,Rejected,1
5500745,Accepted,0.42,Accepted,0
5472432,Accepted,0.53,Rejected,1
5495553,Accepted,0.88,Rejected,1
5463067,Rejected,0.95,Rejected,1
5467975,Rejected,0.67,Rejected,1
5474086,Rejected,0.92,Rejected,1
5469539,Accepted,0.68,Rejected,1
5466513,Rejected,0.19,Accepted,0
5480038,Rejected,0.24,Accepted,0
5468988,Accepted,0.5,Rejected,1
5475467,Rejected,0.25,Accepted,0
5485288,Rejected,0.53,Rejected,1
5462362,Accepted,0.34,Accepted,0
5465527,Accepted,0.87,Rejected,1
5507807,Rejected,0.54,Rejected,1
5462450,Accepted,0.44,Accepted,0
5471651,Rejected,0.53,Rejected,1
5507029,Rejected,0.51,Rejected,1
5475400,Accepted,0.37,Accepted,0
5500840,Rejected,1.0,Rejected,1
5472652,Rejected,0.69,Rejected,1
5462546,Accepted,0.636,Rejected,1
5477684,Rejected,0.72,Rejected,1
5480806,Rejected,1.0,Rejected,1
5499836,Rejected,0.84,Rejected,1
5467346,Accepted,0.9033333333333334,Rejected,1
5500790,Accepted,0.41,Accepted,0
5481461,Rejected,0.19,Accepted,0
5465911,Accepted,0.23,Accepted,0
5465965,Rejected,0.8,Rejected,1
5487370,Accepted,0.95,Rejected,1
5499016,Rejected,0.72,Rejected,1
5504515,Accepted,0.79,Rejected,1
5494908,Rejected,0.33,Accepted,0
5500554,Accepted,0.1,Accepted,0
5483508,Accepted,0.48,Accepted,0
5482769,Accepted,0.57,Rejected,1
5479975,Accepted,0.525,Rejected,1
5477585,Rejected,0.73,Rejected,1
5484339,Accepted,0.59,Rejected,1
5470401,Rejected,0.9641666666666666,Rejected,1
5476735,Accepted,0.33,Accepted,0
5491701,Rejected,0.98,Rejected,1
5464834,Rejected,0.6,Rejected,1
5506202,Accepted,0.62,Rejected,1
5484862,Rejected,0.8,Rejected,1
5503726,Rejected,0.47875,Accepted,0
5471659,Accepted,0.26,Accepted,0
5467772,Rejected,0.94,Rejected,1
5464908,Rejected,0.4,Accepted,0
5467632,Rejected,0.34,Accepted,0
5484746,Rejected,0.6033333333333334,Rejected,1
5484366,Rejected,0.13,Accepted,0
5474458,Rejected,0.73,Rejected,1
5503814,Accepted,0.68,Rejected,1
5496250,Accepted,0.18,Accepted,0
5464740,Accepted,0.44,Accepted,0
5471811,Rejected,0.95,Rejected,1
5461996,Accepted,0.37,Accepted,0
5470943,Rejected,0.59,Rejected,1
5476294,Accepted,0.27,Accepted,0
5507210,Rejected,0.83,Rejected,1
5473618,Rejected,0.8,Rejected,1
5504373,Accepted,0.62,Rejected,1
5504482,Rejected,0.34,Accepted,0
5469577,Accepted,0.41,Accepted,0
5500544,Rejected,0.71,Rejected,1
5467887,Accepted,0.24,Accepted,0
5467838,Accepted,0.76,Rejected,1
5474974,Accepted,0.37,Accepted,0
5473849,Accepted,0.43,Accepted,0
5476196,Rejected,0.34,Accepted,0
5474986,Rejected,0.58,Rejected,1
5501491,Rejected,0.71,Rejected,1
5477854,Accepted,0.31,Accepted,0
