SuggestedId,y_true,Prob_WideMLP,Decision,y_pred_0.5
5495868,Rejected,0.69021374,Rejected,1
5485096,Accepted,0.44244114,Accepted,0
5465192,Rejected,0.7866076,Rejected,1
5464255,Accepted,0.622124,Rejected,1
5475904,Accepted,0.27998355,Accepted,0
5462834,Rejected,0.58569956,Rejected,1
5509132,Rejected,0.61352795,Rejected,1
5479418,Accepted,0.5986188,Rejected,1
5502771,Accepted,0.8296939,Rejected,1
5490383,Rejected,0.515017,Rejected,1
5497800,Accepted,0.77536523,Rejected,1
5464997,Accepted,0.6614974,Rejected,1
5488152,Rejected,0.7552117,Rejected,1
5496502,Accepted,0.57897633,Rejected,1
5470776,Rejected,0.6862268,Rejected,1
5477007,Rejected,0.8622941,Rejected,1
5500718,Rejected,0.5882314,Rejected,1
5507677,Accepted,0.62987745,Rejected,1
5495296,Rejected,0.66950655,Rejected,1
5479024,Rejected,0.496565,Accepted,0
5481034,Rejected,0.4518221,Accepted,0
5489656,Rejected,0.83186483,Rejected,1
5476687,Rejected,0.52721834,Rejected,1
5467186,Rejected,0.3447658,Accepted,0
5477722,Accepted,0.44467524,Accepted,0
5509247,Rejected,0.7584205,Rejected,1
5461833,Rejected,0.42084673,Accepted,0
5475596,Accepted,0.5310655,Rejected,1
5486167,Accepted,0.34719577,Accepted,0
5505670,Rejected,0.46945527,Accepted,0
5507061,Rejected,0.2973816,Accepted,0
5468113,Rejected,0.6936855,Rejected,1
5480691,Rejected,0.31471205,Accepted,0
5464131,Accepted,0.4800725,Accepted,0
5485607,Accepted,0.41306022,Accepted,0
5494755,Rejected,0.86191666,Rejected,1
5469197,Rejected,0.275717,Accepted,0
5478977,Accepted,0.33347166,Accepted,0
5482684,Accepted,0.4363425,Accepted,0
5469555,Accepted,0.34043378,Accepted,0
5464214,Rejected,0.67080206,Rejected,1
5469407,Accepted,0.33347693,Accepted,0
5477308,Rejected,0.39576626,Accepted,0
5501511,Accepted,0.66007364,Rejected,1
5478790,Accepted,0.64740694,Rejected,1
5473608,Accepted,0.43359482,Accepted,0
5483173,Accepted,0.47609293,Accepted,0
5479030,Accepted,0.4909428,Accepted,0
5464207,Rejected,0.36561042,Accepted,0
5485901,Accepted,0.29901984,Accepted,0
5471907,Accepted,0.26292953,Accepted,0
5486556,Accepted,0.3436486,Accepted,0
5463338,Accepted,0.3346062,Accepted,0
5487263,Rejected,0.7536414,Rejected,1
5468238,Accepted,0.283397,Accepted,0
5462428,Accepted,0.44284663,Accepted,0
5477357,Accepted,0.68151736,Rejected,1
5481725,Accepted,0.5124335,Rejected,1
5487522,Accepted,0.65850544,Rejected,1
5500107,Accepted,0.4577764,Accepted,0
5478280,Rejected,0.31543925,Accepted,0
5491026,Rejected,0.70903456,Rejected,1
5481099,Rejected,0.41901678,Accepted,0
5487508,Rejected,0.70229805,Rejected,1
5465681,Accepted,0.37366936,Accepted,0
5483408,Accepted,0.5469692,Rejected,1
5492464,Rejected,0.35892972,Accepted,0
5486356,Accepted,0.35069266,Accepted,0
5484192,Accepted,0.46929768,Accepted,0
5477862,Rejected,0.66664344,Rejected,1
5479488,Rejected,0.56929785,Rejected,1
5476429,Rejected,0.4207541,Accepted,0
5490625,Rejected,0.30636936,Accepted,0
5506878,Rejected,0.4860458,Accepted,0
5469112,Rejected,0.4414517,Accepted,0
5468585,Rejected,0.63143885,Rejected,1
5462339,Rejected,0.39473128,Accepted,0
5472852,Accepted,0.4204849,Accepted,0
5466424,Rejected,0.6785546,Rejected,1
5498544,Rejected,0.658883,Rejected,1
5493683,Accepted,0.43289548,Accepted,0
5481046,Accepted,0.761967,Rejected,1
5478171,Rejected,0.55538416,Rejected,1
5464220,Accepted,0.43525442,Accepted,0
5471545,Rejected,0.37248638,Accepted,0
5463194,Accepted,0.48576894,Accepted,0
5504574,Accepted,0.72330004,Rejected,1
5479489,Rejected,0.39687246,Accepted,0
5494954,Rejected,0.8451396,Rejected,1
5505542,Rejected,0.8179958,Rejected,1
5490988,Rejected,0.5944183,Rejected,1
5463510,Rejected,0.45630446,Accepted,0
5467568,Rejected,0.7446842,Rejected,1
5497382,Rejected,0.70717496,Rejected,1
5498102,Rejected,0.7044898,Rejected,1
5499130,Rejected,0.53592664,Rejected,1
5473212,Accepted,0.46494097,Accepted,0
5472972,Accepted,0.306367,Accepted,0
5473440,Rejected,0.45821714,Accepted,0
5502646,Accepted,0.5146437,Rejected,1
5480824,Accepted,0.52577746,Rejected,1
5490036,Rejected,0.39229292,Accepted,0
5482256,Accepted,0.41373688,Accepted,0
5471439,Rejected,0.35937306,Accepted,0
5462994,Rejected,0.55747336,Rejected,1
5468810,Accepted,0.31478718,Accepted,0
5486143,Rejected,0.8303746,Rejected,1
5479579,Accepted,0.40580806,Accepted,0
5472422,Rejected,0.820303,Rejected,1
5465312,Accepted,0.2633679,Accepted,0
5480196,Accepted,0.3968384,Accepted,0
5503040,Rejected,0.45636657,Accepted,0
5481189,Rejected,0.7898357,Rejected,1
5502027,Accepted,0.6385107,Rejected,1
5471930,Rejected,0.52313983,Rejected,1
5481512,Rejected,0.46987763,Accepted,0
5501949,Accepted,0.6103406,Rejected,1
5479033,Accepted,0.42117482,Accepted,0
5474859,Accepted,0.26313204,Accepted,0
5484327,Accepted,0.2993137,Accepted,0
5505912,Accepted,0.6668248,Rejected,1
5483048,Accepted,0.6263167,Rejected,1
5474883,Rejected,0.67552304,Rejected,1
5466069,Accepted,0.5513308,Rejected,1
5464151,Accepted,0.50609696,Rejected,1
5474133,Accepted,0.42749417,Accepted,0
5484603,Rejected,0.26510704,Accepted,0
5473992,Accepted,0.315566,Accepted,0
5492707,Accepted,0.5707504,Rejected,1
5467847,Rejected,0.42545125,Accepted,0
5464730,Accepted,0.40741643,Accepted,0
5480193,Accepted,0.30989572,Accepted,0
5508727,Rejected,0.3289116,Accepted,0
5477196,Rejected,0.46039608,Accepted,0
5462661,Accepted,0.35444024,Accepted,0
5482456,Accepted,0.8877762,Rejected,1
5480386,Accepted,0.50528336,Rejected,1
5493084,Accepted,0.37579188,Accepted,0
5482498,Accepted,0.33844295,Accepted,0
5478302,Rejected,0.5010193,Rejected,1
5509422,Accepted,0.7010295,Rejected,1
5461632,Accepted,0.26760852,Accepted,0
5507988,Rejected,0.7165956,Rejected,1
5473180,Accepted,0.38936436,Accepted,0
5478828,Rejected,0.51260793,Rejected,1
5465755,Rejected,0.3882126,Accepted,0
5483337,Accepted,0.55281264,Rejected,1
5462530,Accepted,0.3288325,Accepted,0
5464666,Rejected,0.42591608,Accepted,0
5487705,Rejected,0.81069285,Rejected,1
5470991,Accepted,0.3156077,Accepted,0
5467974,Accepted,0.5962407,Rejected,1
5469215,Accepted,0.4336313,Accepted,0
5485194,Accepted,0.46525913,Accepted,0
5465429,Rejected,0.45770308,Accepted,0
5499381,Rejected,0.3680004,Accepted,0
5507154,Accepted,0.50547665,Rejected,1
5496717,Accepted,0.42515838,Accepted,0
5468611,Rejected,0.6250905,Rejected,1
5465369,Accepted,0.3345561,Accepted,0
5501987,Accepted,0.68686587,Rejected,1
5499332,Rejected,0.63377154,Rejected,1
5486031,Rejected,0.611153,Rejected,1
5472689,Accepted,0.5444986,Rejected,1
5465692,Rejected,0.8108237,Rejected,1
5468292,Rejected,0.56997585,Rejected,1
5486267,Accepted,0.27534214,Accepted,0
5469201,Accepted,0.6256556,Rejected,1
5467816,Rejected,0.41495,Accepted,0
5464281,Accepted,0.40845305,Accepted,0
5463439,Accepted,0.2850514,Accepted,0
5468216,Accepted,0.34206316,Accepted,0
5474702,Rejected,0.301209,Accepted,0
5492633,Accepted,0.5034072,Rejected,1
5474700,Accepted,0.45818555,Accepted,0
5489869,Accepted,0.5695113,Rejected,1
5500523,Rejected,0.7086323,Rejected,1
5477686,Accepted,0.57406294,Rejected,1
5471748,Accepted,0.2907541,Accepted,0
5508914,Rejected,0.5281498,Rejected,1
5466164,Rejected,0.4333581,Accepted,0
5480093,Accepted,0.409848,Accepted,0
5476551,Rejected,0.42723784,Accepted,0
5478265,Rejected,0.7194299,Rejected,1
5504024,Rejected,0.733932,Rejected,1
5506039,Accepted,0.32977054,Accepted,0
5464820,Rejected,0.71606845,Rejected,1
5472476,Accepted,0.42369616,Accepted,0
5467115,Accepted,0.44065812,Accepted,0
5465925,Accepted,0.40982828,Accepted,0
5465436,Rejected,0.8184402,Rejected,1
5506901,Rejected,0.5180068,Rejected,1
5499363,Rejected,0.691936,Rejected,1
5467264,Rejected,0.6252103,Rejected,1
5461582,Accepted,0.61449486,Rejected,1
5476164,Accepted,0.45185944,Accepted,0
5496664,Accepted,0.4269792,Accepted,0
5482851,Accepted,0.37828425,Accepted,0
5462394,Accepted,0.3779853,Accepted,0
5467603,Rejected,0.3954309,Accepted,0
5474137,Rejected,0.83075625,Rejected,1
5464083,Accepted,0.42623195,Accepted,0
5461478,Accepted,0.3138303,Accepted,0
5484385,Accepted,0.35641047,Accepted,0
5480618,Accepted,0.57500166,Rejected,1
5473809,Accepted,0.4117424,Accepted,0
5473005,Accepted,0.60446584,Rejected,1
5466227,Accepted,0.43212757,Accepted,0
5509163,Rejected,0.7098156,Rejected,1
5471529,Rejected,0.696718,Rejected,1
5500848,Rejected,0.86543137,Rejected,1
5471697,Accepted,0.4003202,Accepted,0
5462066,Rejected,0.38806808,Accepted,0
5492398,Rejected,0.7829165,Rejected,1
5507530,Rejected,0.5904335,Rejected,1
5488344,Rejected,0.40362588,Accepted,0
5506296,Rejected,0.4622334,Accepted,0
5468250,Accepted,0.6312413,Rejected,1
5475835,Rejected,0.42141888,Accepted,0
5470505,Accepted,0.51573116,Rejected,1
5464417,Rejected,0.49658895,Accepted,0
5464654,Rejected,0.70466024,Rejected,1
5480541,Accepted,0.5241402,Rejected,1
5485641,Accepted,0.6253324,Rejected,1
5480597,Accepted,0.4919363,Accepted,0
5470723,Rejected,0.8502541,Rejected,1
5501110,Accepted,0.76468986,Rejected,1
5471382,Rejected,0.29961482,Accepted,0
5472529,Rejected,0.6221767,Rejected,1
5490393,Accepted,0.16935706,Accepted,0
5481044,Accepted,0.39312446,Accepted,0
5484332,Accepted,0.5632567,Rejected,1
5486129,Rejected,0.3413611,Accepted,0
5473369,Accepted,0.28816482,Accepted,0
5462493,Rejected,0.32496175,Accepted,0
5506092,Rejected,0.3991908,Accepted,0
5461500,Rejected,0.46898562,Accepted,0
5484154,Accepted,0.50201935,Rejected,1
5473450,Accepted,0.7126743,Rejected,1
5465528,Accepted,0.44175664,Accepted,0
5469654,Rejected,0.5577527,Rejected,1
5479675,Accepted,0.4879295,Accepted,0
5473784,Rejected,0.42126417,Accepted,0
5487573,Accepted,0.40176818,Accepted,0
5490619,Rejected,0.47486684,Accepted,0
5464018,Accepted,0.27804616,Accepted,0
5468298,Accepted,0.45075992,Accepted,0
5503657,Accepted,0.48487383,Accepted,0
5473295,Rejected,0.63170224,Rejected,1
5495546,Accepted,0.5366707,Rejected,1
5498364,Rejected,0.70768094,Rejected,1
5461396,Rejected,0.33151853,Accepted,0
5505986,Rejected,0.9051119,Rejected,1
5468328,Accepted,0.39214775,Accepted,0
5465357,Rejected,0.6707505,Rejected,1
5479183,Rejected,0.71174926,Rejected,1
5468463,Accepted,0.2669478,Accepted,0
5480932,Rejected,0.68018425,Rejected,1
5482936,Accepted,0.4410412,Accepted,0
5500348,Rejected,0.7426623,Rejected,1
5507868,Rejected,0.70055115,Rejected,1
5469133,Accepted,0.6172005,Rejected,1
5463124,Rejected,0.43707618,Accepted,0
5474789,Accepted,0.3821577,Accepted,0
5478451,Accepted,0.6721256,Rejected,1
5466963,Accepted,0.28134018,Accepted,0
5488103,Rejected,0.5545919,Rejected,1
5468015,Accepted,0.3830963,Accepted,0
5502854,Rejected,0.836352,Rejected,1
5484987,Accepted,0.40261382,Accepted,0
5506128,Accepted,0.35186213,Accepted,0
5491953,Accepted,0.59064037,Rejected,1
5475012,Accepted,0.72153205,Rejected,1
5463145,Rejected,0.6241696,Rejected,1
5486692,Rejected,0.4815255,Accepted,0
5471005,Rejected,0.33753407,Accepted,0
5501844,Rejected,0.6555538,Rejected,1
5489472,Rejected,0.43504128,Accepted,0
5477330,Rejected,0.3974225,Accepted,0
5485326,Accepted,0.41571537,Accepted,0
5479949,Rejected,0.39346775,Accepted,0
5490418,Accepted,0.6285305,Rejected,1
5461739,Rejected,0.30999646,Accepted,0
5467108,Accepted,0.3208762,Accepted,0
5474682,Accepted,0.38139245,Accepted,0
5473415,Rejected,0.7195355,Rejected,1
5486584,Rejected,0.52616197,Rejected,1
5471127,Rejected,0.72848004,Rejected,1
5482955,Rejected,0.31704205,Accepted,0
5505450,Rejected,0.47573668,Accepted,0
5469292,Rejected,0.53845835,Rejected,1
5473157,Rejected,0.47841114,Accepted,0
5473783,Rejected,0.34006083,Accepted,0
5477432,Rejected,0.5100207,Rejected,1
5495843,Accepted,0.4034069,Accepted,0
5476630,Accepted,0.28911716,Accepted,0
5472471,Rejected,0.46807986,Accepted,0
5472055,Rejected,0.26364535,Accepted,0
5493650,Rejected,0.39226627,Accepted,0
5465390,Rejected,0.61305267,Rejected,1
5468073,Rejected,0.38170797,Accepted,0
5482195,Accepted,0.48673573,Accepted,0
5481138,Rejected,0.30540386,Accepted,0
5487110,Accepted,0.5799092,Rejected,1
5482950,Accepted,0.46899417,Accepted,0
5471190,Accepted,0.22825779,Accepted,0
5508965,Rejected,0.48550615,Accepted,0
5471186,Accepted,0.68474215,Rejected,1
5469002,Accepted,0.34477696,Accepted,0
5507133,Accepted,0.61657804,Rejected,1
5470480,Rejected,0.46258757,Accepted,0
5469210,Accepted,0.422399,Accepted,0
5503355,Rejected,0.5091939,Rejected,1
5502153,Rejected,0.78240526,Rejected,1
5471849,Accepted,0.38735306,Accepted,0
5467105,Rejected,0.43980613,Accepted,0
5493588,Rejected,0.72709894,Rejected,1
5481916,Accepted,0.3739988,Accepted,0
5482983,Rejected,0.55945855,Rejected,1
5465607,Rejected,0.7270079,Rejected,1
5485065,Accepted,0.41186956,Accepted,0
5492207,Rejected,0.9194964,Rejected,1
5502836,Accepted,0.725387,Rejected,1
5479163,Rejected,0.40953144,Accepted,0
5481315,Accepted,0.6316059,Rejected,1
5505301,Rejected,0.6489036,Rejected,1
5468652,Accepted,0.407901,Accepted,0
5476662,Accepted,0.584641,Rejected,1
5475701,Accepted,0.7245052,Rejected,1
5490635,Rejected,0.70782346,Rejected,1
5463574,Accepted,0.42370233,Accepted,0
5481664,Accepted,0.35178888,Accepted,0
5484292,Accepted,0.43890607,Accepted,0
5469594,Accepted,0.33353817,Accepted,0
5482960,Accepted,0.31247225,Accepted,0
5476121,Accepted,0.7686999,Rejected,1
5485827,Rejected,0.55002457,Rejected,1
5465678,Rejected,0.605939,Rejected,1
5484860,Accepted,0.354127,Accepted,0
5466008,Accepted,0.6253572,Rejected,1
5463204,Accepted,0.5189611,Rejected,1
5471606,Accepted,0.3481825,Accepted,0
5478740,Rejected,0.3931475,Accepted,0
5467790,Rejected,0.64206016,Rejected,1
5469368,Accepted,0.36899304,Accepted,0
5465772,Accepted,0.4623008,Accepted,0
5465462,Rejected,0.62809384,Rejected,1
5467872,Rejected,0.774062,Rejected,1
5477051,Accepted,0.35542038,Accepted,0
5485244,Rejected,0.46126345,Accepted,0
5496515,Rejected,0.67058927,Rejected,1
5490617,Rejected,0.718347,Rejected,1
5468089,Accepted,0.6077508,Rejected,1
5502584,Rejected,0.70039046,Rejected,1
5470847,Rejected,0.8165685,Rejected,1
5471404,Accepted,0.53442276,Rejected,1
5483425,Accepted,0.3881737,Accepted,0
5479053,Rejected,0.5064449,Rejected,1
5477888,Accepted,0.7121847,Rejected,1
5486112,Accepted,0.40201008,Accepted,0
5462976,Accepted,0.48116812,Accepted,0
5479759,Rejected,0.6113783,Rejected,1
5485108,Accepted,0.4713324,Accepted,0
5483064,Accepted,0.55063164,Rejected,1
5491589,Accepted,0.5290591,Rejected,1
5473189,Accepted,0.2577987,Accepted,0
5493581,Rejected,0.56470656,Rejected,1
5481108,Rejected,0.30845758,Accepted,0
5471172,Accepted,0.46578568,Accepted,0
5462695,Rejected,0.54737484,Rejected,1
5483415,Accepted,0.935965,Rejected,1
5504561,Rejected,0.36388615,Accepted,0
5475676,Accepted,0.4259661,Accepted,0
5469796,Rejected,0.6936577,Rejected,1
5479278,Rejected,0.54614025,Rejected,1
5483762,Accepted,0.41908842,Accepted,0
5474546,Rejected,0.80442107,Rejected,1
5462909,Accepted,0.49804997,Accepted,0
5480871,Accepted,0.36236876,Accepted,0
5479253,Accepted,0.3760857,Accepted,0
5509472,Accepted,0.62691325,Rejected,1
5475245,Rejected,0.36905628,Accepted,0
5471705,Accepted,0.46896565,Accepted,0
5473490,Rejected,0.51981366,Rejected,1
5466698,Rejected,0.8234527,Rejected,1
5464563,Accepted,0.75947535,Rejected,1
5492110,Rejected,0.8297651,Rejected,1
5467017,Accepted,0.34241652,Accepted,0
5485445,Accepted,0.4716169,Accepted,0
5503568,Accepted,0.46766067,Accepted,0
5504454,Rejected,0.6333875,Rejected,1
5471219,Rejected,0.67337954,Rejected,1
5481061,Rejected,0.7216372,Rejected,1
5461207,Accepted,0.4110603,Accepted,0
5484689,Rejected,0.7631724,Rejected,1
5465687,Rejected,0.48578516,Accepted,0
5480416,Rejected,0.74091834,Rejected,1
5464806,Rejected,0.5399751,Rejected,1
5494124,Accepted,0.35906914,Accepted,0
5492512,Accepted,0.4437767,Accepted,0
5467511,Accepted,0.33928195,Accepted,0
5492108,Rejected,0.8302168,Rejected,1
5476901,Rejected,0.40157747,Accepted,0
5498704,Rejected,0.5185693,Rejected,1
5463263,Rejected,0.7723261,Rejected,1
5506522,Rejected,0.4270383,Accepted,0
5473917,Rejected,0.37086412,Accepted,0
5469426,Rejected,0.7487245,Rejected,1
5470035,Rejected,0.60746545,Rejected,1
5501157,Accepted,0.48831585,Accepted,0
5483033,Accepted,0.38353398,Accepted,0
5468242,Accepted,0.6264991,Rejected,1
5479322,Accepted,0.3579447,Accepted,0
5466397,Rejected,0.365637,Accepted,0
5474780,Accepted,0.3880041,Accepted,0
5500743,Rejected,0.34770644,Accepted,0
5477115,Rejected,0.5046564,Rejected,1
5487745,Accepted,0.33526784,Accepted,0
5491232,Accepted,0.59490067,Rejected,1
5479835,Rejected,0.6733713,Rejected,1
5463597,Accepted,0.29526183,Accepted,0
5507928,Rejected,0.5172931,Rejected,1
5496980,Rejected,0.7803395,Rejected,1
5494638,Accepted,0.29460204,Accepted,0
5474352,Rejected,0.70275456,Rejected,1
5500745,Accepted,0.32960805,Accepted,0
5472432,Accepted,0.51481843,Rejected,1
5495553,Accepted,0.6763823,Rejected,1
5463067,Rejected,0.80646867,Rejected,1
5467975,Rejected,0.332917,Accepted,0
5474086,Rejected,0.5923254,Rejected,1
5469539,Accepted,0.37280488,Accepted,0
5466513,Rejected,0.4193212,Accepted,0
5480038,Rejected,0.36226487,Accepted,0
5468988,Accepted,0.27140656,Accepted,0
5475467,Rejected,0.35589787,Accepted,0
5485288,Rejected,0.56489164,Rejected,1
5462362,Accepted,0.38361827,Accepted,0
5465527,Accepted,0.2951971,Accepted,0
5507807,Rejected,0.7268684,Rejected,1
5462450,Accepted,0.24476278,Accepted,0
5471651,Rejected,0.8256528,Rejected,1
5507029,Rejected,0.50723475,Rejected,1
5475400,Accepted,0.632062,Rejected,1
5500840,Rejected,0.65888387,Rejected,1
5472652,Rejected,0.2857912,Accepted,0
5462546,Accepted,0.5609159,Rejected,1
5477684,Rejected,0.55294025,Rejected,1
5480806,Rejected,0.6745996,Rejected,1
5499836,Rejected,0.4802702,Accepted,0
5467346,Accepted,0.47506475,Accepted,0
5500790,Accepted,0.3665709,Accepted,0
5481461,Rejected,0.38682812,Accepted,0
5465911,Accepted,0.4644786,Accepted,0
5465965,Rejected,0.5145822,Rejected,1
5487370,Accepted,0.548119,Rejected,1
5499016,Rejected,0.47548333,Accepted,0
5504515,Accepted,0.5808384,Rejected,1
5494908,Rejected,0.6500371,Rejected,1
5500554,Accepted,0.4819962,Accepted,0
5483508,Accepted,0.32184935,Accepted,0
5482769,Accepted,0.5611064,Rejected,1
5479975,Accepted,0.3572418,Accepted,0
5477585,Rejected,0.5809776,Rejected,1
5484339,Accepted,0.40168086,Accepted,0
5470401,Rejected,0.49750033,Accepted,0
5476735,Accepted,0.30977884,Accepted,0
5491701,Rejected,0.39517653,Accepted,0
5464834,Rejected,0.42442933,Accepted,0
5506202,Accepted,0.60212225,Rejected,1
5484862,Rejected,0.85014975,Rejected,1
5503726,Rejected,0.52543163,Rejected,1
5471659,Accepted,0.43331188,Accepted,0
5467772,Rejected,0.5424139,Rejected,1
5464908,Rejected,0.45837495,Accepted,0
5467632,Rejected,0.6250209,Rejected,1
5484746,Rejected,0.67571026,Rejected,1
5484366,Rejected,0.70111936,Rejected,1
5474458,Rejected,0.7831948,Rejected,1
5503814,Accepted,0.5706098,Rejected,1
5496250,Accepted,0.6373013,Rejected,1
5464740,Accepted,0.3547855,Accepted,0
5471811,Rejected,0.67237455,Rejected,1
5461996,Accepted,0.3682293,Accepted,0
5470943,Rejected,0.3779853,Accepted,0
5476294,Accepted,0.27424186,Accepted,0
5507210,Rejected,0.40472737,Accepted,0
5473618,Rejected,0.48289663,Accepted,0
5504373,Accepted,0.2688897,Accepted,0
5504482,Rejected,0.8822583,Rejected,1
5469577,Accepted,0.2917078,Accepted,0
5500544,Rejected,0.48555976,Accepted,0
5467887,Accepted,0.58503604,Rejected,1
5467838,Accepted,0.3721966,Accepted,0
5474974,Accepted,0.4697661,Accepted,0
5473849,Accepted,0.27775162,Accepted,0
5476196,Rejected,0.38629022,Accepted,0
5474986,Rejected,0.29591942,Accepted,0
5501491,Rejected,0.77654207,Rejected,1
5477854,Accepted,0.26597258,Accepted,0
