SuggestedId,y_true,Prob_XGB_Meta_35feat,Decision,y_pred_0.5
5495868,Rejected,0.94349307,Rejected,1
5485096,Accepted,0.56271565,Rejected,1
5465192,Rejected,0.76567405,Rejected,1
5464255,Accepted,0.5837319,Rejected,1
5475904,Accepted,0.3629213,Accepted,0
5462834,Rejected,0.3895877,Accepted,0
5509132,Rejected,0.5950111,Rejected,1
5479418,Accepted,0.4354009,Accepted,0
5502771,Accepted,0.7695334,Rejected,1
5490383,Rejected,0.9510644,Rejected,1
5497800,Accepted,0.73691845,Rejected,1
5464997,Accepted,0.50939786,Rejected,1
5488152,Rejected,0.3733224,Accepted,0
5496502,Accepted,0.44212955,Accepted,0
5470776,Rejected,0.83536947,Rejected,1
5477007,Rejected,0.9551695,Rejected,1
5500718,Rejected,0.76217234,Rejected,1
5507677,Accepted,0.90868497,Rejected,1
5495296,Rejected,0.8300313,Rejected,1
5479024,Rejected,0.9824411,Rejected,1
5481034,Rejected,0.48483536,Accepted,0
5489656,Rejected,0.9468037,Rejected,1
5476687,Rejected,0.97906667,Rejected,1
5467186,Rejected,0.10690807,Accepted,0
5477722,Accepted,0.8790205,Rejected,1
5509247,Rejected,0.42100087,Accepted,0
5461833,Rejected,0.3389901,Accepted,0
5475596,Accepted,0.14110231,Accepted,0
5486167,Accepted,0.10096732,Accepted,0
5505670,Rejected,0.67151564,Rejected,1
5507061,Rejected,0.60005,Rejected,1
5468113,Rejected,0.9191464,Rejected,1
5480691,Rejected,0.80167663,Rejected,1
5464131,Accepted,0.26759377,Accepted,0
5485607,Accepted,0.28126705,Accepted,0
5494755,Rejected,0.7443641,Rejected,1
5469197,Rejected,0.78442043,Rejected,1
5478977,Accepted,0.14682677,Accepted,0
5482684,Accepted,0.6027154,Rejected,1
5469555,Accepted,0.27235055,Accepted,0
5464214,Rejected,0.44028336,Accepted,0
5469407,Accepted,0.5445624,Rejected,1
5477308,Rejected,0.4010896,Accepted,0
5501511,Accepted,0.31854218,Accepted,0
5478790,Accepted,0.34598675,Accepted,0
5473608,Accepted,0.2702498,Accepted,0
5483173,Accepted,0.3667798,Accepted,0
5479030,Accepted,0.22344072,Accepted,0
5464207,Rejected,0.4371093,Accepted,0
5485901,Accepted,0.15776798,Accepted,0
5471907,Accepted,0.24378379,Accepted,0
5486556,Accepted,0.8075163,Rejected,1
5463338,Accepted,0.5695916,Rejected,1
5487263,Rejected,0.9798998,Rejected,1
5468238,Accepted,0.59767157,Rejected,1
5462428,Accepted,0.77746546,Rejected,1
5477357,Accepted,0.79882914,Rejected,1
5481725,Accepted,0.6290329,Rejected,1
5487522,Accepted,0.7341771,Rejected,1
5500107,Accepted,0.08505054,Accepted,0
5478280,Rejected,0.36399186,Accepted,0
5491026,Rejected,0.87840927,Rejected,1
5481099,Rejected,0.36774728,Accepted,0
5487508,Rejected,0.92598915,Rejected,1
5465681,Accepted,0.11622913,Accepted,0
5483408,Accepted,0.5549938,Rejected,1
5492464,Rejected,0.087018535,Accepted,0
5486356,Accepted,0.3419544,Accepted,0
5484192,Accepted,0.19069286,Accepted,0
5477862,Rejected,0.8770405,Rejected,1
5479488,Rejected,0.9019419,Rejected,1
5476429,Rejected,0.20183375,Accepted,0
5490625,Rejected,0.07111499,Accepted,0
5506878,Rejected,0.5584382,Rejected,1
5469112,Rejected,0.4590816,Accepted,0
5468585,Rejected,0.64069545,Rejected,1
5462339,Rejected,0.5692531,Rejected,1
5472852,Accepted,0.35351822,Accepted,0
5466424,Rejected,0.7243469,Rejected,1
5498544,Rejected,0.74770707,Rejected,1
5493683,Accepted,0.1300771,Accepted,0
5481046,Accepted,0.92401934,Rejected,1
5478171,Rejected,0.49496013,Accepted,0
5464220,Accepted,0.35058063,Accepted,0
5471545,Rejected,0.58033526,Rejected,1
5463194,Accepted,0.62724894,Rejected,1
5504574,Accepted,0.035014544,Accepted,0
5479489,Rejected,0.78074014,Rejected,1
5494954,Rejected,0.7975953,Rejected,1
5505542,Rejected,0.7238709,Rejected,1
5490988,Rejected,0.85924846,Rejected,1
5463510,Rejected,0.68456405,Rejected,1
5467568,Rejected,0.6168121,Rejected,1
5497382,Rejected,0.92229927,Rejected,1
5498102,Rejected,0.6553071,Rejected,1
5499130,Rejected,0.86690885,Rejected,1
5473212,Accepted,0.6258932,Rejected,1
5472972,Accepted,0.41549894,Accepted,0
5473440,Rejected,0.94772536,Rejected,1
5502646,Accepted,0.43920827,Accepted,0
5480824,Accepted,0.32691824,Accepted,0
5490036,Rejected,0.2938048,Accepted,0
5482256,Accepted,0.34338552,Accepted,0
5471439,Rejected,0.67537117,Rejected,1
5462994,Rejected,0.7786946,Rejected,1
5468810,Accepted,0.2276593,Accepted,0
5486143,Rejected,0.944234,Rejected,1
5479579,Accepted,0.56007224,Rejected,1
5472422,Rejected,0.64889497,Rejected,1
5465312,Accepted,0.30426103,Accepted,0
5480196,Accepted,0.4119324,Accepted,0
5503040,Rejected,0.46313143,Accepted,0
5481189,Rejected,0.81862104,Rejected,1
5502027,Accepted,0.749511,Rejected,1
5471930,Rejected,0.54308623,Rejected,1
5481512,Rejected,0.76053923,Rejected,1
5501949,Accepted,0.76159704,Rejected,1
5479033,Accepted,0.12170738,Accepted,0
5474859,Accepted,0.5500862,Rejected,1
5484327,Accepted,0.5281259,Rejected,1
5505912,Accepted,0.28200808,Accepted,0
5483048,Accepted,0.30506998,Accepted,0
5474883,Rejected,0.9811468,Rejected,1
5466069,Accepted,0.30975753,Accepted,0
5464151,Accepted,0.17865896,Accepted,0
5474133,Accepted,0.46194586,Accepted,0
5484603,Rejected,0.27484,Accepted,0
5473992,Accepted,0.1475242,Accepted,0
5492707,Accepted,0.5657761,Rejected,1
5467847,Rejected,0.21456932,Accepted,0
5464730,Accepted,0.37194654,Accepted,0
5480193,Accepted,0.2053075,Accepted,0
5508727,Rejected,0.53986657,Rejected,1
5477196,Rejected,0.5674658,Rejected,1
5462661,Accepted,0.20859416,Accepted,0
5482456,Accepted,0.935449,Rejected,1
5480386,Accepted,0.54638463,Rejected,1
5493084,Accepted,0.35819608,Accepted,0
5482498,Accepted,0.49181512,Accepted,0
5478302,Rejected,0.27122673,Accepted,0
5509422,Accepted,0.89029133,Rejected,1
5461632,Accepted,0.54444575,Rejected,1
5507988,Rejected,0.90057254,Rejected,1
5473180,Accepted,0.5828454,Rejected,1
5478828,Rejected,0.21419846,Accepted,0
5465755,Rejected,0.41970932,Accepted,0
5483337,Accepted,0.88729507,Rejected,1
5462530,Accepted,0.13658778,Accepted,0
5464666,Rejected,0.5302548,Rejected,1
5487705,Rejected,0.77113205,Rejected,1
5470991,Accepted,0.2888513,Accepted,0
5467974,Accepted,0.1664119,Accepted,0
5469215,Accepted,0.043478444,Accepted,0
5485194,Accepted,0.446841,Accepted,0
5465429,Rejected,0.8084163,Rejected,1
5499381,Rejected,0.28144306,Accepted,0
5507154,Accepted,0.5690758,Rejected,1
5496717,Accepted,0.8160668,Rejected,1
5468611,Rejected,0.32975784,Accepted,0
5465369,Accepted,0.087089434,Accepted,0
5501987,Accepted,0.7867906,Rejected,1
5499332,Rejected,0.8196999,Rejected,1
5486031,Rejected,0.70408595,Rejected,1
5472689,Accepted,0.3708174,Accepted,0
5465692,Rejected,0.85066825,Rejected,1
5468292,Rejected,0.95302427,Rejected,1
5486267,Accepted,0.1751912,Accepted,0
5469201,Accepted,0.5353683,Rejected,1
5467816,Rejected,0.5794772,Rejected,1
5464281,Accepted,0.20402575,Accepted,0
5463439,Accepted,0.3424624,Accepted,0
5468216,Accepted,0.544357,Rejected,1
5474702,Rejected,0.58173054,Rejected,1
5492633,Accepted,0.24505188,Accepted,0
5474700,Accepted,0.6742832,Rejected,1
5489869,Accepted,0.53694004,Rejected,1
5500523,Rejected,0.7581178,Rejected,1
5477686,Accepted,0.52521485,Rejected,1
5471748,Accepted,0.32996914,Accepted,0
5508914,Rejected,0.9950517,Rejected,1
5466164,Rejected,0.871511,Rejected,1
5480093,Accepted,0.21318343,Accepted,0
5476551,Rejected,0.23327945,Accepted,0
5478265,Rejected,0.2516549,Accepted,0
5504024,Rejected,0.7215021,Rejected,1
5506039,Accepted,0.39625463,Accepted,0
5464820,Rejected,0.8460402,Rejected,1
5472476,Accepted,0.51254463,Rejected,1
5467115,Accepted,0.3515384,Accepted,0
5465925,Accepted,0.4544527,Accepted,0
5465436,Rejected,0.8450209,Rejected,1
5506901,Rejected,0.8894691,Rejected,1
5499363,Rejected,0.49055213,Accepted,0
5467264,Rejected,0.5691517,Rejected,1
5461582,Accepted,0.44389516,Accepted,0
5476164,Accepted,0.23495114,Accepted,0
5496664,Accepted,0.65012294,Rejected,1
5482851,Accepted,0.2926563,Accepted,0
5462394,Accepted,0.61962634,Rejected,1
5467603,Rejected,0.3518161,Accepted,0
5474137,Rejected,0.8869335,Rejected,1
5464083,Accepted,0.1682313,Accepted,0
5461478,Accepted,0.5173234,Rejected,1
5484385,Accepted,0.3967128,Accepted,0
5480618,Accepted,0.27303317,Accepted,0
5473809,Accepted,0.54584306,Rejected,1
5473005,Accepted,0.46940416,Accepted,0
5466227,Accepted,0.0912001,Accepted,0
5509163,Rejected,0.8615193,Rejected,1
5471529,Rejected,0.91240144,Rejected,1
5500848,Rejected,0.9630061,Rejected,1
5471697,Accepted,0.50672305,Rejected,1
5462066,Rejected,0.31883392,Accepted,0
5492398,Rejected,0.9123787,Rejected,1
5507530,Rejected,0.9002265,Rejected,1
5488344,Rejected,0.31891993,Accepted,0
5506296,Rejected,0.4357848,Accepted,0
5468250,Accepted,0.4080179,Accepted,0
5475835,Rejected,0.61405975,Rejected,1
5470505,Accepted,0.29295394,Accepted,0
5464417,Rejected,0.94157135,Rejected,1
5464654,Rejected,0.84027296,Rejected,1
5480541,Accepted,0.4965502,Accepted,0
5485641,Accepted,0.4171257,Accepted,0
5480597,Accepted,0.59416974,Rejected,1
5470723,Rejected,0.8045456,Rejected,1
5501110,Accepted,0.49816805,Accepted,0
5471382,Rejected,0.36837953,Accepted,0
5472529,Rejected,0.890129,Rejected,1
5490393,Accepted,0.39928183,Accepted,0
5481044,Accepted,0.13200155,Accepted,0
5484332,Accepted,0.8088441,Rejected,1
5486129,Rejected,0.19138074,Accepted,0
5473369,Accepted,0.7104365,Rejected,1
5462493,Rejected,0.24186908,Accepted,0
5506092,Rejected,0.55261207,Rejected,1
5461500,Rejected,0.783089,Rejected,1
5484154,Accepted,0.48802745,Accepted,0
5473450,Accepted,0.8503453,Rejected,1
5465528,Accepted,0.40146494,Accepted,0
5469654,Rejected,0.53635377,Rejected,1
5479675,Accepted,0.2536923,Accepted,0
5473784,Rejected,0.33862072,Accepted,0
5487573,Accepted,0.10433518,Accepted,0
5490619,Rejected,0.7288687,Rejected,1
5464018,Accepted,0.11348282,Accepted,0
5468298,Accepted,0.34665737,Accepted,0
5503657,Accepted,0.6153868,Rejected,1
5473295,Rejected,0.4912547,Accepted,0
5495546,Accepted,0.780912,Rejected,1
5498364,Rejected,0.9613255,Rejected,1
5461396,Rejected,0.3987859,Accepted,0
5505986,Rejected,0.702992,Rejected,1
5468328,Accepted,0.4557633,Accepted,0
5465357,Rejected,0.8876707,Rejected,1
5479183,Rejected,0.9619191,Rejected,1
5468463,Accepted,0.10065513,Accepted,0
5480932,Rejected,0.9236902,Rejected,1
5482936,Accepted,0.24150687,Accepted,0
5500348,Rejected,0.38293323,Accepted,0
5507868,Rejected,0.89957374,Rejected,1
5469133,Accepted,0.2570402,Accepted,0
5463124,Rejected,0.6187888,Rejected,1
5474789,Accepted,0.24286793,Accepted,0
5478451,Accepted,0.21198252,Accepted,0
5466963,Accepted,0.41682586,Accepted,0
5488103,Rejected,0.36459193,Accepted,0
5468015,Accepted,0.2159116,Accepted,0
5502854,Rejected,0.5101179,Rejected,1
5484987,Accepted,0.39804918,Accepted,0
5506128,Accepted,0.1944689,Accepted,0
5491953,Accepted,0.66248924,Rejected,1
5475012,Accepted,0.94155085,Rejected,1
5463145,Rejected,0.85827804,Rejected,1
5486692,Rejected,0.4246053,Accepted,0
5471005,Rejected,0.30864567,Accepted,0
5501844,Rejected,0.95273805,Rejected,1
5489472,Rejected,0.44769678,Accepted,0
5477330,Rejected,0.15273951,Accepted,0
5485326,Accepted,0.04392873,Accepted,0
5479949,Rejected,0.24390228,Accepted,0
5490418,Accepted,0.5912166,Rejected,1
5461739,Rejected,0.43419278,Accepted,0
5467108,Accepted,0.15895455,Accepted,0
5474682,Accepted,0.105411634,Accepted,0
5473415,Rejected,0.77703005,Rejected,1
5486584,Rejected,0.46149552,Accepted,0
5471127,Rejected,0.91123235,Rejected,1
5482955,Rejected,0.2889216,Accepted,0
5505450,Rejected,0.60776883,Rejected,1
5469292,Rejected,0.4977618,Accepted,0
5473157,Rejected,0.33970726,Accepted,0
5473783,Rejected,0.5083686,Rejected,1
5477432,Rejected,0.770643,Rejected,1
5495843,Accepted,0.43257967,Accepted,0
5476630,Accepted,0.19257778,Accepted,0
5472471,Rejected,0.61856014,Rejected,1
5472055,Rejected,0.4096544,Accepted,0
5493650,Rejected,0.6802954,Rejected,1
5465390,Rejected,0.69650096,Rejected,1
5468073,Rejected,0.11968895,Accepted,0
5482195,Accepted,0.75869715,Rejected,1
5481138,Rejected,0.29303265,Accepted,0
5487110,Accepted,0.74742264,Rejected,1
5482950,Accepted,0.5644574,Rejected,1
5471190,Accepted,0.405246,Accepted,0
5508965,Rejected,0.84744114,Rejected,1
5471186,Accepted,0.20078689,Accepted,0
5469002,Accepted,0.23521046,Accepted,0
5507133,Accepted,0.7119782,Rejected,1
5470480,Rejected,0.654994,Rejected,1
5469210,Accepted,0.34156176,Accepted,0
5503355,Rejected,0.9149755,Rejected,1
5502153,Rejected,0.84806985,Rejected,1
5471849,Accepted,0.15546453,Accepted,0
5467105,Rejected,0.24407876,Accepted,0
5493588,Rejected,0.8669663,Rejected,1
5481916,Accepted,0.17086968,Accepted,0
5482983,Rejected,0.916993,Rejected,1
5465607,Rejected,0.9453411,Rejected,1
5485065,Accepted,0.16524191,Accepted,0
5492207,Rejected,0.715357,Rejected,1
5502836,Accepted,0.73108184,Rejected,1
5479163,Rejected,0.33458072,Accepted,0
5481315,Accepted,0.75099546,Rejected,1
5505301,Rejected,0.9278128,Rejected,1
5468652,Accepted,0.4602109,Accepted,0
5476662,Accepted,0.2863881,Accepted,0
5475701,Accepted,0.677357,Rejected,1
5490635,Rejected,0.8480517,Rejected,1
5463574,Accepted,0.5649501,Rejected,1
5481664,Accepted,0.5195846,Rejected,1
5484292,Accepted,0.68266827,Rejected,1
5469594,Accepted,0.27578735,Accepted,0
5482960,Accepted,0.34420452,Accepted,0
5476121,Accepted,0.71742004,Rejected,1
5485827,Rejected,0.16896264,Accepted,0
5465678,Rejected,0.6530089,Rejected,1
5484860,Accepted,0.24760611,Accepted,0
5466008,Accepted,0.10610553,Accepted,0
5463204,Accepted,0.447725,Accepted,0
5471606,Accepted,0.39864072,Accepted,0
5478740,Rejected,0.28055102,Accepted,0
5467790,Rejected,0.9117751,Rejected,1
5469368,Accepted,0.25376275,Accepted,0
5465772,Accepted,0.19523026,Accepted,0
5465462,Rejected,0.77574164,Rejected,1
5467872,Rejected,0.90210146,Rejected,1
5477051,Accepted,0.2544142,Accepted,0
5485244,Rejected,0.59239674,Rejected,1
5496515,Rejected,0.45052868,Accepted,0
5490617,Rejected,0.7686487,Rejected,1
5468089,Accepted,0.38103557,Accepted,0
5502584,Rejected,0.8626828,Rejected,1
5470847,Rejected,0.9655259,Rejected,1
5471404,Accepted,0.64978033,Rejected,1
5483425,Accepted,0.40438744,Accepted,0
5479053,Rejected,0.4152351,Accepted,0
5477888,Accepted,0.5856673,Rejected,1
5486112,Accepted,0.35695592,Accepted,0
5462976,Accepted,0.7600168,Rejected,1
5479759,Rejected,0.9501931,Rejected,1
5485108,Accepted,0.597523,Rejected,1
5483064,Accepted,0.78912294,Rejected,1
5491589,Accepted,0.7424939,Rejected,1
5473189,Accepted,0.26356035,Accepted,0
5493581,Rejected,0.2816376,Accepted,0
5481108,Rejected,0.6591862,Rejected,1
5471172,Accepted,0.092413634,Accepted,0
5462695,Rejected,0.97357744,Rejected,1
5483415,Accepted,0.8577487,Rejected,1
5504561,Rejected,0.97175086,Rejected,1
5475676,Accepted,0.23211937,Accepted,0
5469796,Rejected,0.6742788,Rejected,1
5479278,Rejected,0.8358421,Rejected,1
5483762,Accepted,0.28819382,Accepted,0
5474546,Rejected,0.97952247,Rejected,1
5462909,Accepted,0.496273,Accepted,0
5480871,Accepted,0.36166966,Accepted,0
5479253,Accepted,0.89624333,Rejected,1
5509472,Accepted,0.83855397,Rejected,1
5475245,Rejected,0.7765176,Rejected,1
5471705,Accepted,0.7055471,Rejected,1
5473490,Rejected,0.5459374,Rejected,1
5466698,Rejected,0.4872414,Accepted,0
5464563,Accepted,0.816694,Rejected,1
5492110,Rejected,0.79956263,Rejected,1
5467017,Accepted,0.19328526,Accepted,0
5485445,Accepted,0.89522594,Rejected,1
5503568,Accepted,0.84346306,Rejected,1
5504454,Rejected,0.3842358,Accepted,0
5471219,Rejected,0.83447254,Rejected,1
5481061,Rejected,0.93710136,Rejected,1
5461207,Accepted,0.051514547,Accepted,0
5484689,Rejected,0.9480534,Rejected,1
5465687,Rejected,0.9281735,Rejected,1
5480416,Rejected,0.68569887,Rejected,1
5464806,Rejected,0.56057185,Rejected,1
5494124,Accepted,0.48474196,Accepted,0
5492512,Accepted,0.9741047,Rejected,1
5467511,Accepted,0.4204715,Accepted,0
5492108,Rejected,0.96889305,Rejected,1
5476901,Rejected,0.6052638,Rejected,1
5498704,Rejected,0.8409725,Rejected,1
5463263,Rejected,0.9461225,Rejected,1
5506522,Rejected,0.19600515,Accepted,0
5473917,Rejected,0.14376038,Accepted,0
5469426,Rejected,0.79364455,Rejected,1
5470035,Rejected,0.8221172,Rejected,1
5501157,Accepted,0.31306118,Accepted,0
5483033,Accepted,0.19552736,Accepted,0
5468242,Accepted,0.33440498,Accepted,0
5479322,Accepted,0.36821213,Accepted,0
5466397,Rejected,0.8469482,Rejected,1
5474780,Accepted,0.68140346,Rejected,1
5500743,Rejected,0.4247653,Accepted,0
5477115,Rejected,0.39752042,Accepted,0
5487745,Accepted,0.26428232,Accepted,0
5491232,Accepted,0.9549236,Rejected,1
5479835,Rejected,0.56974125,Rejected,1
5463597,Accepted,0.28383717,Accepted,0
5507928,Rejected,0.8581561,Rejected,1
5496980,Rejected,0.7501459,Rejected,1
5494638,Accepted,0.017742315,Accepted,0
5474352,Rejected,0.96891004,Rejected,1
5500745,Accepted,0.49036402,Accepted,0
5472432,Accepted,0.61547786,Rejected,1
5495553,Accepted,0.95860744,Rejected,1
5463067,Rejected,0.8684837,Rejected,1
5467975,Rejected,0.38509926,Accepted,0
5474086,Rejected,0.9833118,Rejected,1
5469539,Accepted,0.40614223,Accepted,0
5466513,Rejected,0.83228856,Rejected,1
5480038,Rejected,0.18894668,Accepted,0
5468988,Accepted,0.26002073,Accepted,0
5475467,Rejected,0.7684479,Rejected,1
5485288,Rejected,0.42763373,Accepted,0
5462362,Accepted,0.5246162,Rejected,1
5465527,Accepted,0.3257392,Accepted,0
5507807,Rejected,0.8790197,Rejected,1
5462450,Accepted,0.45043656,Accepted,0
5471651,Rejected,0.9267857,Rejected,1
5507029,Rejected,0.8167733,Rejected,1
5475400,Accepted,0.37250975,Accepted,0
5500840,Rejected,0.8317806,Rejected,1
5472652,Rejected,0.24363813,Accepted,0
5462546,Accepted,0.90476847,Rejected,1
5477684,Rejected,0.5543816,Rejected,1
5480806,Rejected,0.9708119,Rejected,1
5499836,Rejected,0.63127995,Rejected,1
5467346,Accepted,0.5525838,Rejected,1
5500790,Accepted,0.46190533,Accepted,0
5481461,Rejected,0.25562572,Accepted,0
5465911,Accepted,0.7841179,Rejected,1
5465965,Rejected,0.1695548,Accepted,0
5487370,Accepted,0.6054997,Rejected,1
5499016,Rejected,0.26393345,Accepted,0
5504515,Accepted,0.67625624,Rejected,1
5494908,Rejected,0.6960429,Rejected,1
5500554,Accepted,0.63534224,Rejected,1
5483508,Accepted,0.2474001,Accepted,0
5482769,Accepted,0.6641584,Rejected,1
5479975,Accepted,0.48309365,Accepted,0
5477585,Rejected,0.27547207,Accepted,0
5484339,Accepted,0.60481626,Rejected,1
5470401,Rejected,0.98354614,Rejected,1
5476735,Accepted,0.3477474,Accepted,0
5491701,Rejected,0.9112914,Rejected,1
5464834,Rejected,0.59775954,Rejected,1
5506202,Accepted,0.40732488,Accepted,0
5484862,Rejected,0.91403306,Rejected,1
5503726,Rejected,0.8905789,Rejected,1
5471659,Accepted,0.26530787,Accepted,0
5467772,Rejected,0.4803156,Accepted,0
5464908,Rejected,0.5779436,Rejected,1
5467632,Rejected,0.7648132,Rejected,1
5484746,Rejected,0.83463603,Rejected,1
5484366,Rejected,0.3388019,Accepted,0
5474458,Rejected,0.7705176,Rejected,1
5503814,Accepted,0.19003965,Accepted,0
5496250,Accepted,0.66945034,Rejected,1
5464740,Accepted,0.3123906,Accepted,0
5471811,Rejected,0.94879514,Rejected,1
5461996,Accepted,0.22969685,Accepted,0
5470943,Rejected,0.40154365,Accepted,0
5476294,Accepted,0.29204687,Accepted,0
5507210,Rejected,0.94693506,Rejected,1
5473618,Rejected,0.51372594,Rejected,1
5504373,Accepted,0.2750056,Accepted,0
5504482,Rejected,0.84535277,Rejected,1
5469577,Accepted,0.29559097,Accepted,0
5500544,Rejected,0.25823075,Accepted,0
5467887,Accepted,0.67645377,Rejected,1
5467838,Accepted,0.1616522,Accepted,0
5474974,Accepted,0.68730783,Rejected,1
5473849,Accepted,0.08814931,Accepted,0
5476196,Rejected,0.09153722,Accepted,0
5474986,Rejected,0.19939098,Accepted,0
5501491,Rejected,0.4949731,Accepted,0
5477854,Accepted,0.1316918,Accepted,0
